{
    "accuracy": 0.93,
    "precision": 0.8771929824561403,
    "recall": 1.0,
    "f1_score": 0.9345794392523364,
    "confusion_matrix": [
        [
            43,
            7
        ],
        [
            0,
            50
        ]
    ]
}