{
    "accuracy": 0.795,
    "precision": 0.7185185185185186,
    "recall": 0.97,
    "f1_score": 0.825531914893617,
    "mcc": 0.6298374049666762,
    "specificity": 0.62,
    "fpr": 0.38,
    "pr_auc": 0.9061177037039576,
    "confusion_matrix": [
        [
            62,
            38
        ],
        [
            3,
            97
        ]
    ]
}