{
    "accuracy": 0.725,
    "precision": 0.6451612903225806,
    "recall": 1.0,
    "f1_score": 0.7843137254901961,
    "mcc": 0.5388159060803247,
    "specificity": 0.45,
    "fpr": 0.55,
    "pr_auc": 0.8514466546820423,
    "confusion_matrix": [
        [
            18,
            22
        ],
        [
            0,
            40
        ]
    ]
}