{
  "optimal_threshold": 0.703981339931488,
  "best_threshold": 0.7,
  "best_f1": 0.7920792078729536,
  "pr_auc": 0.8460339784257096,
  "mean_prob": 0.6539473351091146,
  "median_prob": 0.7580092549324036,
  "std_prob": 0.21816435609924517,
  "authentic_mean": 0.529059412330389,
  "manipulated_mean": 0.7788352578878402
}